total_cpu_emissions,total_gpu_emissions,dataset
2.162624534501766,5.803191674577791,wnli
8.356795938770361,22.90572663163393,rte
12.467987811613025,33.717105757022026,mrpc
33.01030463294766,77.36045701391727,cola
